{"loss": [876.2015380859375, 717.3967895507812, 612.4649047851562, 524.0396728515625, 443.6878662109375, 381.0374450683594, 331.1322326660156, 296.0574035644531, 269.456787109375, 249.95108032226562, 235.11148071289062, 222.8719024658203, 212.6326141357422, 202.6009979248047, 194.93475341796875, 188.49574279785156, 182.91702270507812, 177.59173583984375, 173.37921142578125, 169.39537048339844, 165.88075256347656, 161.86285400390625, 159.40928649902344, 155.6510467529297, 153.42823791503906, 150.49012756347656, 149.5352783203125, 146.7630615234375, 145.4817657470703, 141.99179077148438, 141.16517639160156, 140.33554077148438, 136.8764190673828, 135.62445068359375, 135.7346954345703, 132.63775634765625, 132.3419647216797, 129.83192443847656, 130.43093872070312, 127.81104278564453, 127.27088165283203, 125.29122924804688, 126.05351257324219, 122.90215301513672, 121.46638488769531, 120.29863739013672, 118.85138702392578, 117.93513488769531, 116.39764404296875, 115.64696502685547], "val_loss": [773.9235229492188, 648.6044921875, 551.433837890625, 448.05877685546875, 363.8149719238281, 306.4505920410156, 262.85479736328125, 233.79017639160156, 214.8505859375, 205.6658935546875, 186.1311492919922, 182.029541015625, 172.978271484375, 164.89344787597656, 156.54698181152344, 153.59811401367188, 153.1787567138672, 146.61001586914062, 143.4224090576172, 141.18460083007812, 139.68338012695312, 139.31686401367188, 134.50018310546875, 133.79104614257812, 132.34059143066406, 131.04107666015625, 129.17657470703125, 128.89503479003906, 126.17694854736328, 126.46065521240234, 126.02461242675781, 122.9448471069336, 124.84093475341797, 122.5111083984375, 122.2613296508789, 120.51497650146484, 118.965087890625, 120.84016418457031, 119.234375, 118.04337310791016, 116.5696029663086, 117.1048583984375, 115.53942108154297, 115.55097961425781, 115.62751770019531, 115.05580139160156, 114.94119262695312, 115.24628448486328, 118.8114013671875, 114.15585327148438]}